,epoch,overallAccuracy,overallLoss,classAccuracy_0,classLoss_0,classAccuracy_1,classLoss_1,classAccuracy_2,classLoss_2,classAccuracy_3,classLoss_3
0,1,0.9488744372186093,0.03786554815758617,0.7269021739130435,0.08447284892494993,0.0,0.19490674625904786,0.9377104377104377,0.03812531357172002,0.9957586537145985,0.029499315210013068
1,2,0.9560780390195097,0.03434544073285163,0.748641304347826,0.06367001634118977,0.7261904761904762,0.09437584260151544,0.8950617283950617,0.04587419014810504,0.9971268299356957,0.027201888041696348
2,3,0.9811905952976488,0.01713096593296897,0.8994565217391305,0.033949237233252424,0.6964285714285714,0.08270269077980802,0.9719416386083053,0.018022518449321536,0.9982213709125736,0.013712845254980484
3,4,0.9850925462731366,0.014262514140178859,0.9456521739130435,0.020298915985360665,0.7202380952380952,0.08157845620700668,0.9719416386083053,0.0176666933765422,0.9983581885346833,0.011277411195250638
4,5,0.9913956978489245,0.010595061920188074,0.9605978260869565,0.024606866618366596,0.9107142857142857,0.03809323461523274,0.9809203142536476,0.011332960769871893,0.9989054590231222,0.008372142639744312
