,epoch,overallAccuracy,overallLoss,classAccuracy_0,classLoss_0,classAccuracy_1,classLoss_1,classAccuracy_2,classLoss_2,classAccuracy_3,classLoss_3
0,1,0.9657828914457228,0.013682348546106426,0.7948369565217391,0.02090026159907132,0.5416666666666666,0.03689163269397492,0.9567901234567902,0.014214292835381323,0.9949377479819401,0.012292354228510048
1,2,0.9780890445222611,0.00913776779520392,0.875,0.013701464705540591,0.8690476190476191,0.01720653064417309,0.9685746352413019,0.009322757280451809,0.9932959365166233,0.008447648169079093
2,3,0.9884942471235618,0.005809485753920141,0.9592391304347826,0.008120615160894728,0.8690476190476191,0.014686313091217363,0.9696969696969697,0.007239011360268633,0.9987686414010124,0.005024191887903964
3,4,0.992896448224112,0.00414767591003207,0.9755434782608695,0.0055722489382639614,0.8928571428571429,0.007171210083665106,0.9854096520763187,0.00489520460404636,0.9987686414010124,0.0037524733347574103
4,5,0.9945972986493247,0.0038322552509797597,0.9809782608695652,0.005817251524467462,0.9642857142857143,0.005164565957529919,0.9848484848484849,0.004314517817750942,0.9990422766452319,0.0034841669557309396
