,epoch,overallAccuracy,overallLoss,classAccuracy_0,classLoss_0,classAccuracy_1,classLoss_1,classAccuracy_2,classLoss_2,classAccuracy_3,classLoss_3
0,1,0.9630815407703852,0.014249509209580917,0.7907608695652174,0.02220854579825201,0.5535714285714286,0.031937707246730236,0.9298540965207632,0.016815437720247753,0.997947735668354,0.012415885895104065
1,2,0.9806903451725862,0.007759114503806896,0.907608695652174,0.009623758860767417,0.9166666666666666,0.016202228739400328,0.9719416386083053,0.008204141472210758,0.9916541250513066,0.007268779369589038
2,3,0.9896948474237118,0.0053724927394957454,0.938858695652174,0.008566210175361091,0.9404761904761905,0.0076776114739394484,0.9781144781144782,0.005881058659157798,0.9987686414010124,0.0048739155813316715
3,4,0.9942971485742872,0.004477480675924003,0.9714673913043478,0.006489843568808194,0.9523809523809523,0.00795753517786038,0.989337822671156,0.005393371819772587,0.9987686414010124,0.003971547406827512
4,5,0.9950975487743872,0.004078972158285221,0.9769021739130435,0.007537185797214507,0.9642857142857143,0.006278446091180339,0.9910213243546577,0.0037624516877382825,0.9986318237789027,0.003757352596038171
