,epoch,overallAccuracy,overallLoss,classAccuracy_0,classLoss_0,classAccuracy_1,classLoss_1,classAccuracy_2,classLoss_2,classAccuracy_3,classLoss_3
0,1,0.9723861930965483,0.011762938594405461,0.8396739130434783,0.015377126050383516,0.7738095238095238,0.020954815580418135,0.9438832772166106,0.013566703655660853,0.9972636475578055,0.01074794521084997
1,2,0.9834917458729364,0.008969197743701907,0.9130434782608695,0.012205047548421966,0.9166666666666666,0.015176016873045314,0.9663299663299664,0.010295399061561898,0.9963059242030373,0.008177349088833916
2,3,0.9894947473736868,0.005579882412557631,0.967391304347826,0.008609490827634248,0.9821428571428571,0.005331513160074662,0.9708193041526375,0.006927397840731183,0.996442741825147,0.004951980065850213
3,4,0.9934967483741871,0.003911282493013179,0.9714673913043478,0.005709333290776835,0.9583333333333334,0.0043991207576701595,0.9870931537598204,0.004520891416226616,0.9980845532904639,0.003570381505630122
4,5,0.9941970985492746,0.0037697552879008603,0.96875,0.006389286071192484,0.9702380952380952,0.0039480408709806625,0.9876543209876543,0.003937222286415452,0.9989054590231222,0.0034610464596325553
