,epoch,overallAccuracy,overallLoss,classAccuracy_0,classLoss_0,classAccuracy_1,classLoss_1,classAccuracy_2,classLoss_2,classAccuracy_3,classLoss_3
0,1,0.966983491745873,0.013191239511446663,0.782608695652174,0.02165269278176983,0.5357142857142857,0.0357120380420903,0.9556677890011224,0.013862450114251077,0.9982213709125736,0.01165789417633879
1,2,0.9795897948974487,0.009760335522149761,0.8926630434782609,0.01369973700830878,0.8690476190476191,0.01670240893967968,0.9696969696969697,0.010283424921715667,0.9932959365166233,0.009076546612861966
2,3,0.9907953976988494,0.00450557895773645,0.9456521739130435,0.007183819708060306,0.9761904761904762,0.004934354005085663,0.9803591470258137,0.005143395198310939,0.9982213709125736,0.004070525196497324
3,4,0.992696348174087,0.004900631791542128,0.9646739130434783,0.007081524452527849,0.9761904761904762,0.006840643856180793,0.9854096520763187,0.005434577843097925,0.9976741004241346,0.004506248033269146
4,5,0.9932966483241621,0.004817060167691886,0.96875,0.009122323569000222,0.9523809523809523,0.007664866284161896,0.9876543209876543,0.004799933816424004,0.9980845532904639,0.004322247452823842
