,epoch,overallAccuracy,overallLoss,classAccuracy_0,classLoss_0,classAccuracy_1,classLoss_1,classAccuracy_2,classLoss_2,classAccuracy_3,classLoss_3
0,1,0.9371685842921461,0.02057273352485905,0.5027173913043478,0.03470527118264252,0.7083333333333334,0.036807691459433134,0.9242424242424242,0.021011928666362267,0.9893282254754412,0.018669372409618138
1,2,0.976288144072036,0.010906152880855918,0.8913043478260869,0.015899465319564668,0.7916666666666666,0.025683976274324647,0.9421997755331089,0.012526900103325567,0.9974004651799152,0.009668511091906225
2,3,0.9834917458729364,0.00879563699559483,0.9225543478260869,0.013113888397044873,0.8988095238095238,0.015367682336654113,0.9551066217732884,0.010425865752025098,0.998495006156793,0.007812273431123091
3,4,0.990895447723862,0.005515526985763909,0.9633152173913043,0.007609393166994802,0.9107142857142857,0.013709962166639602,0.978675645342312,0.00655972622369793,0.998495006156793,0.004861742109341487
4,5,0.9929964982491246,0.00556613532645684,0.9741847826086957,0.009767656959974683,0.9285714285714286,0.011800714666235092,0.9831649831649831,0.004957417528182978,0.9987686414010124,0.005148158293370527
